{"cameraMode":{"drawMode":0,"name":"Shaded","section":"Shading Mode"},"sceneLighting":true,"audioPlay":false,"sceneViewState":{"m_AlwaysRefresh":false,"showFog":true,"showSkybox":true,"showFlares":true,"showImageEffects":true,"showParticleSystems":true,"showVisualEffectGraphs":true,"m_FxEnabled":true},"in2DMode":false,"pivot":{"x":-0.02669772505760193,"y":7.80161855118422e-8,"z":1.3086236715316773},"rotation":{"x":-0.10064613074064255,"y":0.7068572044372559,"z":-0.10272032767534256,"w":-0.6925841569900513},"size":29.812103271484376,"orthographic":false}